"Comments","Tags","TestCase","Key Word","Argument 1","Argument 2"
,,,"loadSahi","12TwentyKeyword.sah"

,,,"[MBA Standard Reports]","Path of the Excel Data File","Report Name"
"MBA_Act","Actual","Test2.1","MBA_Actual","$path_datafile","$sData_MBA"
,,,"[Business Week Reports]","Path of the Excel Data File","Report Name"
"BWR_Act","Actual","Test2.2","BusinessWeek_Actual","$path_datafile","$sData_BWR"
,,,"[NACE Reports]","Path of the Excel Data File","Report Name"
"NACE_Act","Actual","Test2.3","NaceReports_Actual","$path_datafile","$sData_NACE"
,,,"[NALP Reports]","Path of the Excel Data File","Report Name"
"NALP_Act","Actual","Test2.4","NALP_Actual","$path_datafile","$sData_NALP"
,,,"[ABA Reports]","Path of the Excel Data File","Report Name"
"ABA_Act","Actual","Test2.5","ABA_Actual","$path_datafile","$sData_ABA"
,,,"[Class Status Reports]","Path of the Excel Data File","Report Name"
"CS_Act","Actual","Test2.6","ClassStatus_Actual","$path_datafile","$sData_CS"